"Bill of Material for pxi_io.PrjPCB"
"On 2013-3-13 at 17:10:12"

"Comment","Pattern","Quantity","Components"

"352068-1","BTB2-H135F","1","J4","Z-Pack 2mm Hard Metric Type A 110 Position Female PCB Mount Connector"
"352152-1","BTB2-H132FA","1","J5","Z-Pack 2mm Hard Metric Type B 110 Position Female Daughter Card Connector"
"74HC573","SOP20","2","U25, U26",""
"AS1117-1.5V","LM1117","1","VR2","Voltage Regulator"
"AS1117-3.3V","LM1117","1","VR1","Voltage Regulator"
"Cap Pol3","CC3216-1206","7","C1, C3, C7, C111, C113, C115, C117","Polarized Capacitor (Surface Mount)"
"Cap Semi","1608[0603]","84","C2, C5, C6, C9, C10, C11, C12, C13, C14, C15, C16, C17, C18, C19, C20, C21, C22, C31, C32, C33, C34, C35, C36, C37, C38, C39, C40, C41, C42, C51, C52, C53, C54, C55, C56, C61, C62, C63, C64, C65, C66, C67, C68, C71, C72, C73, C74, C75, C76, C77, C78, C81, C82, C83, C84, C85, C86, C87, C88, C91, C92, C93, C94, C95, C96, C97, C98, C99, C101, C102, C103, C104, C105, C106, C107, C108, C109, C112, C114, C116, C118, C120, C121, C123","Capacitor (Semiconductor SIM Model)"
"Connector 100","SCSI-100","1","J1","Receptacle Header Assemby"
"Diode","CC1608-0603","1","D19","Default Diode"
"Diode","IN5817","16","D1, D2, D3, D4, D5, D6, D7, D8, D11, D12, D13, D14, D15, D16, D17, D18","Default Diode"
"EP1C12Q240C6","PQFP240","1","U1","Cyclone Family, 1.5V FPGA, 173 I/O Pins, 2 x PLLs, Commercial Grade, Speed Grade 6"
"EPCS1SI8","SOIC8_L","1","U2","EPCS1 Series, In-system programmable 3.3V serial configuration device, 8-Pin SOIC, 1-Megabit, Industrial Grade"
"G5V-1","G5V-1-DIP","16","U9, U10, U11, U12, U13, U14, U15, U16, U17, U18, U19, U20, U21, U22, U23, U24",""
"Header 5X2","HDR2X5","2","JP1, JP2","Header, 5-Pin, Dual row"
"Inductor","C1608-0603","2","L1, L2","Inductor"
"LED2","CC1608-0603","9","DS1, DS2, DS3, DS4, DS5, DS6, DS7, DS8, DS9","Typical RED, GREEN, YELLOW, AMBER GaAs LED"
"OSCIL 50MHZ","OSC -BIG","1","X1",""
"PWP_CON","POWER_CON","1","J3",""
"QNPN","SO3","8","Q1, Q2, Q3, Q4, Q5, Q6, Q7, Q8","NPN Bipolar Transistor"
"R0603_4","R0603_4","6","R75, R76, R77, R78, R79, R80","Resistor Array - Parts"
"Res Semi","1608[0603]","100","R1, R2, R3, R4, R5, R6, R7, R8, R9, R10, R11, R12, R13, R14, R15, R16, R17, R18, R19, R20, R21, R22, R23, R24, R25, R26, R27, R28, R29, R30, R31, R32, R33, R34, R35, R36, R37, R38, R39, R40, R41, R42, R45, R48, R51, R54, R55, R56, R57, R58, R61, R64, R67, R70, R71, R72, R73, R74, R81, R82, R83, R84, R85, R86, R87, R88, R91, R92, R93, R94, R95, R96, R97, R98, R100, R101, R102, R103, R104, R105, R106, R107, R108, R109, R110, R111, R112, R113, R114, R115, R116, R120, R121, R122, R123, R124, R125, R126, R127, R140","Semiconductor Resistor"
"SN74CBT16210","SSOP48","3","U27, U28, U29",""
"TLP281-4","TLP281-4","6","U3, U4, U5, U6, U7, U8",""
