<?xml version="1.0" ?>
<LOG_ROOT>
	<PROJECT NAME="PulseCount_422">
		<CBX_INST_ENTRY INSTANCE_NAME="|PulseCount_422|RAM8:RAM8_inst|altsyncram:altsyncram_component" CBX_FILE_NAME="altsyncram_e7s1.tdf"/>
		<CBX_INST_ENTRY INSTANCE_NAME="|PulseCount_422|sld_signaltap:auto_signaltap_0|sld_signaltap_impl:sld_signaltap_body|altdpram:\stp_non_zero_ram_gen:attribute_mem_gen:attribute_mem|lpm_mux:mux" CBX_FILE_NAME="mux_irc.tdf"/>
		<CBX_INST_ENTRY INSTANCE_NAME="|PulseCount_422|sld_signaltap:auto_signaltap_0|sld_signaltap_impl:sld_signaltap_body|sld_offload_buffer_mgr:\stp_non_zero_depth_offload_gen:stp_offload_buff_mgr_inst|LPM_COUNTER:\adv_point_3_and_more:advance_pointer_counter" CBX_FILE_NAME="cntr_bfi.tdf"/>
		<CBX_INST_ENTRY INSTANCE_NAME="|PulseCount_422|sld_signaltap:auto_signaltap_0|sld_signaltap_impl:sld_signaltap_body|sld_offload_buffer_mgr:\stp_non_zero_depth_offload_gen:stp_offload_buff_mgr_inst|LPM_COUNTER:read_pointer_counter" CBX_FILE_NAME="cntr_78j.tdf"/>
		<CBX_INST_ENTRY INSTANCE_NAME="|PulseCount_422|sld_signaltap:auto_signaltap_0|sld_signaltap_impl:sld_signaltap_body|altdpram:\stp_non_zero_ram_gen:attribute_mem_gen:attribute_mem|lpm_decode:wdecoder" CBX_FILE_NAME="decode_4uf.tdf"/>
		<CBX_INST_ENTRY INSTANCE_NAME="|PulseCount_422|sld_signaltap:auto_signaltap_0|sld_signaltap_impl:sld_signaltap_body|altsyncram:\stp_non_zero_ram_gen:stp_buffer_ram" CBX_FILE_NAME="altsyncram_svs3.tdf"/>
		<CBX_INST_ENTRY INSTANCE_NAME="|PulseCount_422|sld_signaltap:auto_signaltap_0|sld_signaltap_impl:sld_signaltap_body|sld_offload_buffer_mgr:\stp_non_zero_depth_offload_gen:stp_offload_buff_mgr_inst|LPM_COUNTER:status_advance_pointer_counter" CBX_FILE_NAME="cntr_6fi.tdf"/>
		<CBX_INST_ENTRY INSTANCE_NAME="|PulseCount_422|sld_signaltap:auto_signaltap_0|sld_signaltap_impl:sld_signaltap_body|sld_offload_buffer_mgr:\stp_non_zero_depth_offload_gen:stp_offload_buff_mgr_inst|LPM_COUNTER:status_read_pointer_counter" CBX_FILE_NAME="cntr_p1j.tdf"/>
	</PROJECT>
</LOG_ROOT>
