<?xml version="1.0" ?>
<LOG_ROOT>
	<PROJECT NAME="pci_all">
		<CBX_INST_ENTRY INSTANCE_NAME="|pci_all|sld_signaltap:auto_signaltap_0|sld_signaltap_impl:sld_signaltap_body|altdpram:\stp_non_zero_ram_gen:attribute_mem_gen:attribute_mem|lpm_decode:wdecoder" CBX_FILE_NAME="decode_9jf.tdf"/>
		<CBX_INST_ENTRY INSTANCE_NAME="|pci_all|sld_signaltap:auto_signaltap_0|sld_signaltap_impl:sld_signaltap_body|altsyncram:\stp_non_zero_ram_gen:stp_buffer_ram" CBX_FILE_NAME="altsyncram_hhs3.tdf"/>
		<CBX_INST_ENTRY INSTANCE_NAME="|pci_all|sld_signaltap:auto_signaltap_0|sld_signaltap_impl:sld_signaltap_body|sld_offload_buffer_mgr:\stp_non_zero_depth_offload_gen:stp_offload_buff_mgr_inst|lpm_counter:status_advance_pointer_counter" CBX_FILE_NAME="cntr_h4i.tdf"/>
		<CBX_INST_ENTRY INSTANCE_NAME="|pci_all|sld_signaltap:auto_signaltap_0|sld_signaltap_impl:sld_signaltap_body|sld_offload_buffer_mgr:\stp_non_zero_depth_offload_gen:stp_offload_buff_mgr_inst|lpm_counter:status_read_pointer_counter" CBX_FILE_NAME="cntr_umi.tdf"/>
		<CBX_INST_ENTRY INSTANCE_NAME="|pci_all|lpm_counter0:inst12|lpm_counter:lpm_counter_component" CBX_FILE_NAME="cntr_tbj.tdf"/>
		<CBX_INST_ENTRY INSTANCE_NAME="|pci_all|sld_signaltap:auto_signaltap_0|sld_signaltap_impl:sld_signaltap_body|altdpram:\stp_non_zero_ram_gen:attribute_mem_gen:attribute_mem|lpm_mux:mux" CBX_FILE_NAME="mux_pgc.tdf"/>
		<CBX_INST_ENTRY INSTANCE_NAME="|pci_all|sld_signaltap:auto_signaltap_0|sld_signaltap_impl:sld_signaltap_body|sld_offload_buffer_mgr:\stp_non_zero_depth_offload_gen:stp_offload_buff_mgr_inst|lpm_counter:read_pointer_counter" CBX_FILE_NAME="cntr_iti.tdf"/>
	</PROJECT>
</LOG_ROOT>
