<?xml version="1.0" ?>
<LOG_ROOT>
	<PROJECT NAME="LVDS_BMK">
		<CBX_INST_ENTRY INSTANCE_NAME="|LVDS_BMK|sld_signaltap:auto_signaltap_0|sld_signaltap_impl:sld_signaltap_body|altdpram:\stp_non_zero_ram_gen:attribute_mem_gen:attribute_mem|lpm_decode:wdecoder" CBX_FILE_NAME="decode_9jf.tdf"/>
		<CBX_INST_ENTRY INSTANCE_NAME="|LVDS_BMK|sld_signaltap:auto_signaltap_0|sld_signaltap_impl:sld_signaltap_body|sld_offload_buffer_mgr:\stp_non_zero_depth_offload_gen:stp_offload_buff_mgr_inst|LPM_COUNTER:status_read_pointer_counter" CBX_FILE_NAME="cntr_umi.tdf"/>
		<CBX_INST_ENTRY INSTANCE_NAME="|LVDS_BMK|sld_signaltap:auto_signaltap_0|sld_signaltap_impl:sld_signaltap_body|altdpram:\stp_non_zero_ram_gen:attribute_mem_gen:attribute_mem|lpm_mux:mux" CBX_FILE_NAME="mux_ngc.tdf"/>
		<CBX_INST_ENTRY INSTANCE_NAME="|LVDS_BMK|sld_signaltap:auto_signaltap_0|sld_signaltap_impl:sld_signaltap_body|sld_offload_buffer_mgr:\stp_non_zero_depth_offload_gen:stp_offload_buff_mgr_inst|LPM_COUNTER:\adv_point_3_and_more:advance_pointer_counter" CBX_FILE_NAME="cntr_n4i.tdf"/>
		<CBX_INST_ENTRY INSTANCE_NAME="|LVDS_BMK|sld_signaltap:auto_signaltap_0|sld_signaltap_impl:sld_signaltap_body|sld_offload_buffer_mgr:\stp_non_zero_depth_offload_gen:stp_offload_buff_mgr_inst|LPM_COUNTER:read_pointer_counter" CBX_FILE_NAME="cntr_cti.tdf"/>
		<CBX_INST_ENTRY INSTANCE_NAME="|LVDS_BMK|fifo_read_write:inst12|fifo_uart:u_fifo_uart|scfifo:scfifo_component" CBX_FILE_NAME="scfifo_aa71.tdf"/>
		<CBX_INST_ENTRY INSTANCE_NAME="|LVDS_BMK|receive_ram:inst2|altsyncram:ram_rtl_0" CBX_FILE_NAME="altsyncram_c4c1.tdf"/>
		<CBX_INST_ENTRY INSTANCE_NAME="|LVDS_BMK|sld_signaltap:auto_signaltap_0|sld_signaltap_impl:sld_signaltap_body|altsyncram:\stp_non_zero_ram_gen:stp_buffer_ram" CBX_FILE_NAME="altsyncram_rks3.tdf"/>
		<CBX_INST_ENTRY INSTANCE_NAME="|LVDS_BMK|sld_signaltap:auto_signaltap_0|sld_signaltap_impl:sld_signaltap_body|sld_offload_buffer_mgr:\stp_non_zero_depth_offload_gen:stp_offload_buff_mgr_inst|LPM_COUNTER:status_advance_pointer_counter" CBX_FILE_NAME="cntr_a4i.tdf"/>
	</PROJECT>
</LOG_ROOT>
